id,text,image_url,source,timestamp,rumor_prob,status,nature,processed_time,keywords
1,"网传我们市明天凌晨会有6级以上地震，家里有老人小孩的赶紧准备一下，别睡太死",https://example.com/img/quake01.jpg,微博,2026-03-01 08:12:00,,未处理,谣言,,
2,"今天社区组织志愿者清理小区花坛，来的人比想象中多，顺手拍了几张照片",https://example.com/img/volunteer.jpg,微信朋友圈,2026-03-01 10:35:00,,未处理,非谣言,,
3,"群里说自来水厂水质出了问题，未来三天不要直接喝自来水，要烧开再放凉",,贴吧,2026-03-01 14:20:00,,未处理,谣言,,
4,"学校图书馆新开了自习区，位置多了不少，晚上十点关门，考试周应该够坐",,微博,2026-03-01 19:48:00,,未处理,非谣言,,
5,"听说城南那家新开的超市卖的都是过期食品，有人吃了拉肚子住院了",https://example.com/img/market.jpg,抖音,2026-03-02 07:30:00,,未处理,谣言,,
6,"最近降温挺明显的，出门记得加件外套，我早上骑车冻得手都僵了",,微博,2026-03-02 09:05:00,,未处理,非谣言,,
7,"网上都在传下个月地铁票价要涨一半，大家赶紧去办年卡，晚了就来不及了",,小红书,2026-03-02 12:44:00,,未处理,谣言,,
8,"刚看完一场球赛，主队最后三分钟连追两球，现场气氛是真的好",https://example.com/img/football.jpg,B站,2026-03-02 16:10:00,,未处理,非谣言,,
9,"有人说隔壁小区的快递员查出了传染病，整个小区都要封，快递这几天别收",,微信朋友圈,2026-03-02 20:25:00,,未处理,谣言,,
10,"分享一下我自己做的番茄牛腩，小火炖了两个小时，味道还不错",https://example.com/img/food.jpg,小红书,2026-03-03 08:02:00,,未处理,非谣言,,
11,"转发：某地加油站油品掺了水，已经有好几辆车趴窝了，大家别去那家加油",,贴吧,2026-03-03 11:36:00,,未处理,谣言,,
12,"今天去面试了一家做电商的公司，聊了四十分钟，感觉岗位内容和描述不太一样",,知乎,2026-03-03 15:18:00,,未处理,非谣言,,
13,"朋友圈看到说吃某种水果能治好高血压，好多人都在买，药店都断货了",https://example.com/img/fruit.jpg,抖音,2026-03-03 18:50:00,,未处理,谣言,,
14,"小区门口那家早餐店换老板了，豆浆还是原来那个味道，价格也没涨",,微博,2026-03-04 07:55:00,,未处理,非谣言,,
15,"据说学校下周要提前放假，具体通知明天就出，先转发给同学看看",,微信朋友圈,2026-03-04 10:20:00,,未处理,谣言,,
16,"公交302路调整了线路，新站点加在医院门口，去复查方便了不少",,微博,2026-03-04 13:40:00,,未处理,非谣言,,
17,"网传某品牌牛奶检出了有害物质，已经全部下架了，别给孩子喝",https://example.com/img/milk.jpg,今日头条,2026-03-04 17:05:00,,未处理,谣言,,
18,"把实验室的数据跑完了，前后跑了三个小时，结果比预想的要好一些",,知乎,2026-03-04 21:30:00,,未处理,非谣言,,
19,"听说今年冬天会是六十年来最冷的，可能要停电限电，提前囤点取暖的东西",,贴吧,2026-03-05 08:40:00,,未处理,谣言,,
20,"周末去郊区爬山了，人不算多，山顶风有点大，建议带件防风外套",https://example.com/img/hiking.jpg,小红书,2026-03-05 11:15:00,,未处理,非谣言,,
21,"有人在群里发消息说城北那台ATM机能吐双倍的钱，好多人跑去排队",,微博,2026-03-05 14:55:00,,未处理,谣言,,
22,"我们班这周开始做课程设计，组里分了六个模块，我分到了前端那块",,微信朋友圈,2026-03-05 19:20:00,,未处理,非谣言,,
23,"传某医院收治了一批不明原因的肺炎患者，让家人最近别往医院跑",,贴吧,2026-03-06 07:45:00,,未处理,谣言,,
24,"图书馆那本数据结构被人借走了，我预约了，要等一周才能拿到",,微博,2026-03-06 10:05:00,,未处理,非谣言,,
25,"网上说5G基站的辐射会让人头疼失眠，我们小区现在都在反对装基站",https://example.com/img/station.jpg,知乎,2026-03-06 13:25:00,,未处理,谣言,,
26,"今天食堂的糖醋排骨难得没卖完，去晚了还能打到，味道不错",,微博,2026-03-06 16:50:00,,未处理,非谣言,,
27,"听说某地要建垃圾焚烧厂，周边房价要跌一半，有房的赶紧出手",,今日头条,2026-03-06 20:15:00,,未处理,谣言,,
28,"手机换了块电池，续航终于正常了，一共花了八十块，感觉还能再战两年",,小红书,2026-03-07 08:30:00,,未处理,非谣言,,
29,"转发一条：身份证复印件不加这几个字会被冒用，已经有人被贷款了",https://example.com/img/id.jpg,微信朋友圈,2026-03-07 11:50:00,,未处理,谣言,,
30,"附近新开了一家书店，晚上有读书分享活动，去听了一小时，讲得还行",,微博,2026-03-07 15:35:00,,未处理,非谣言,,
31,"网传某款网红食品加了违禁成分，吃了会上瘾，好多人现在都不敢买了",,抖音,2026-03-07 19:05:00,,未处理,谣言,,
32,"公司楼下在修路，早上通勤要多绕两个路口，得提前二十分钟出门",,微博,2026-03-08 09:10:00,,未处理,非谣言,,
33,"据说下周开始限号改成单双号，大家提前安排一下出行方式",,贴吧,2026-03-08 12:30:00,,未处理,谣言,,
34,"把去年的论文找出来重新看了一遍，发现好多地方写得太粗，当时居然没察觉",,知乎,2026-03-08 16:40:00,,未处理,非谣言,,
35,"群里有人说上游水库今晚要泄洪，下游的人赶紧撤，东西别收拾了",https://example.com/img/flood.jpg,微信朋友圈,2026-03-08 20:55:00,,未处理,谣言,,
36,"室友最近在准备考研，每天六点半就起床去自习室，晚上十一点才回来",,微博,2026-03-09 08:20:00,,未处理,非谣言,,
37,"网传某高校食堂用回收油，有学生吃了肠胃不舒服，学校一直没回应",,今日头条,2026-03-09 11:40:00,,未处理,谣言,,
38,"小区物业通知下周三停水半天做管道检修，记得提前接点水备用",,微信朋友圈,2026-03-09 15:05:00,,未处理,非谣言,,
39,"网传有个扫码活动，填身份证就能领五百块补贴，好多人都扫了",,抖音,2026-03-09 18:35:00,,未处理,谣言,,
40,"今天试了一下新买的键盘，打字手感比之前那个好很多，声音也小",,B站,2026-03-10 07:50:00,,未处理,非谣言,,
41,"据说某地发生了当街抢孩子的事，家长带孩子出门一定要看紧",,微信朋友圈,2026-03-10 10:45:00,,未处理,谣言,,
42,"菜市场的菜价这周降了一点，青菜便宜了两块多，买了一大袋",,微博,2026-03-10 14:15:00,,未处理,非谣言,,
43,"网传某品牌手机电池会自燃，官方已经宣布召回，用这个型号的注意一下",,今日头条,2026-03-10 18:00:00,,未处理,谣言,,
44,"参加了一个线上技术分享，讲得挺清楚，结束后还留了课件和示例代码",,知乎,2026-03-10 21:10:00,,未处理,非谣言,,
45,"有人说我们这片的自来水重金属超标，测出来是正常值的三倍，别直接喝",,贴吧,2026-03-11 08:00:00,,未处理,谣言,,
46,"楼下那家理发店关门了，听邻居说老板搬到另一条街上去了",,微博,2026-03-11 11:25:00,,未处理,非谣言,,
47,"朋友圈疯传吃隔夜菜会致癌，家里老人现在一口隔夜菜都不肯吃",,微信朋友圈,2026-03-11 15:50:00,,未处理,谣言,,
48,"地铁4号线今天早高峰有点挤，等了四趟才挤上去，明天得早出门",,微博,2026-03-11 19:40:00,,未处理,非谣言,,
49,"网传某地学生集体食物中毒，学校把消息压下来了，家长群都炸了",https://example.com/img/school.jpg,抖音,2026-03-12 09:00:00,,未处理,谣言,,
50,"把房间收拾了一遍，扔掉不少一直没用的东西，看着清爽多了",,小红书,2026-03-12 13:15:00,,未处理,非谣言,,